gender,weight,height,born_year,eye_color,hair_color,ethnicity,blood_type,education_level,employment_status
Female,58.2,123.7,1980,blue,brown,Asian,AB,Bachelor's Degree,Employed
Female,64.3,145.5,1995,hazel,brown,Hispanic,AB,PhD,Unemployed
Male,189.4,131.9,1939,blue,black,Caucasian,O,High School,Employed
Female,229.5,170.4,1978,brown,brown,African American,AB,High School,Employed
Female,177.9,169.6,1925,blue,blonde,Asian,O,Bachelor's Degree,Retired
Female,57.5,205.9,1990,brown,black,African American,A,High School,Employed
Female,161.5,131.2,1993,hazel,brown,Asian,B,High School,Student
Female,216.9,204.2,1934,brown,black,Caucasian,A,PhD,Retired
Male,144.9,215.9,1921,blue,brown,Hispanic,AB,PhD,Retired
Polygender,189.2,219.2,1955,hazel,blonde,Hispanic,O,PhD,Student
Male,187.4,204.9,1957,brown,black,Caucasian,AB,Master's Degree,Retired
Female,107.9,158.8,2004,green,blonde,Caucasian,B,Master's Degree,Unemployed
Female,75.8,122.5,1993,brown,brown,Hispanic,AB,High School,Retired
Agender,275.1,169.1,1970,brown,blonde,Caucasian,AB,Bachelor's Degree,Student
Female,153.9,156.7,1968,green,red,Hispanic,AB,PhD,Retired
Female,92.9,210.4,1991,green,blonde,Asian,A,High School,Retired
Female,258.8,209.3,1974,brown,blonde,Caucasian,O,PhD,Unemployed
Male,162.9,144,1924,brown,black,Hispanic,A,High School,Unemployed
Male,265.7,164.9,1923,hazel,red,African American,AB,High School,Retired
Female,265.1,146.6,1950,blue,blonde,Hispanic,O,Master's Degree,Employed
Female,296.6,176.3,1983,hazel,blonde,African American,O,Bachelor's Degree,Employed
Female,299.3,181.4,1960,hazel,blonde,Caucasian,B,Bachelor's Degree,Employed
Female,236.6,211.3,1972,hazel,red,African American,B,PhD,Student
Male,239.3,190.7,2003,blue,brown,Hispanic,B,Bachelor's Degree,Unemployed
Female,225.1,150.8,1985,blue,blonde,Asian,B,Bachelor's Degree,Unemployed
Female,222.4,194.7,2000,hazel,blonde,African American,AB,High School,Student
Female,142.2,174.8,1930,brown,black,Caucasian,A,PhD,Retired
Male,246,173.6,1962,hazel,red,Asian,AB,High School,Unemployed
Female,70.1,148.2,1926,green,blonde,Hispanic,AB,PhD,Student
Male,199.1,143.8,1978,green,brown,Caucasian,O,Bachelor's Degree,Retired
Male,110.5,210.4,1955,hazel,black,Hispanic,A,High School,Student
Female,170.9,204.3,1978,green,red,Asian,AB,Master's Degree,Student
Female,52.1,152.9,1975,brown,blonde,Caucasian,A,Master's Degree,Student
Male,98.4,135.5,2001,blue,black,Hispanic,O,PhD,Employed
Male,268,148.6,1999,green,red,Hispanic,B,Bachelor's Degree,Unemployed
Female,74.3,165.8,1936,hazel,blonde,Asian,O,High School,Unemployed
Female,242.5,120.6,1949,green,blonde,Hispanic,B,Bachelor's Degree,Student
Female,161.4,161.8,1979,green,blonde,Caucasian,B,Bachelor's Degree,Employed
Female,148.7,165.2,2003,hazel,black,African American,AB,PhD,Unemployed
Male,259.1,163.9,1973,brown,red,Hispanic,O,High School,Retired
Female,244.3,133.8,1962,blue,brown,Hispanic,AB,Master's Degree,Retired
Male,136.5,187.6,1970,hazel,red,Caucasian,O,High School,Unemployed
Male,107.2,132.9,1923,brown,brown,Hispanic,AB,Bachelor's Degree,Unemployed
Male,195.2,169.8,1965,blue,blonde,Asian,AB,High School,Unemployed
Male,191.8,196.6,2000,brown,brown,Hispanic,O,PhD,Employed
Female,99.7,177,1978,green,red,African American,AB,Bachelor's Degree,Employed
Male,121,170.5,1998,blue,blonde,Caucasian,AB,Bachelor's Degree,Unemployed
Male,156.4,128.8,1924,green,red,Caucasian,A,PhD,Student
Female,195.3,198.5,1973,hazel,black,African American,AB,Master's Degree,Employed
Female,265,170,2005,brown,red,Asian,A,PhD,Unemployed
Female,132.6,127.3,1972,hazel,black,African American,B,High School,Employed
Female,288.2,134.8,1930,blue,red,Hispanic,A,Master's Degree,Employed
Female,277.5,188,1959,brown,blonde,Hispanic,A,Bachelor's Degree,Employed
Male,263.7,135.3,1956,blue,black,Asian,B,Bachelor's Degree,Retired
Male,239.1,215.4,1933,blue,blonde,Asian,B,Bachelor's Degree,Unemployed
Male,139.6,153.4,1994,hazel,blonde,Caucasian,AB,Master's Degree,Unemployed
Polygender,164.4,171.4,1987,brown,brown,Hispanic,O,PhD,Employed
Female,229.6,165.7,1961,blue,blonde,Asian,A,PhD,Retired
Male,259,176.4,1929,green,brown,African American,AB,PhD,Unemployed
Female,193.6,198.5,1975,brown,blonde,Asian,B,PhD,Retired
Male,153.1,147.6,1954,hazel,red,African American,O,Master's Degree,Employed
Male,202.1,146.1,1986,brown,blonde,African American,A,PhD,Student
Male,196.8,216.1,1959,blue,black,African American,B,PhD,Student
Male,128.6,167,1993,hazel,red,Hispanic,AB,Bachelor's Degree,Unemployed
Male,145.8,175.3,1947,hazel,blonde,African American,A,Bachelor's Degree,Unemployed
Female,245.4,183.1,1952,green,red,Caucasian,A,Master's Degree,Retired
Male,237.5,196.2,1965,green,black,Hispanic,O,High School,Unemployed
Female,266,211.9,1954,hazel,blonde,African American,B,PhD,Employed
Female,169.1,151.5,1985,brown,black,African American,AB,PhD,Retired
Male,285.8,133.5,1943,blue,red,Asian,O,Master's Degree,Student
Female,182,154.3,1962,blue,black,Asian,B,Master's Degree,Employed
Female,107.2,180.7,2000,blue,black,Caucasian,O,Bachelor's Degree,Student
Male,183.8,156.3,1940,hazel,blonde,Asian,B,Master's Degree,Student
Male,140.6,214.2,1938,brown,red,Asian,B,Bachelor's Degree,Employed
Female,202.7,122.7,1969,hazel,blonde,African American,AB,Bachelor's Degree,Unemployed
Female,136.5,173.9,1936,green,blonde,Hispanic,AB,Bachelor's Degree,Retired
Agender,167.1,122.3,1962,blue,black,African American,B,Master's Degree,Student
Female,71.1,131.6,1927,green,brown,Caucasian,AB,PhD,Unemployed
Female,100.8,207.4,1970,hazel,blonde,Asian,B,High School,Retired
Female,152.2,211.8,1970,blue,blonde,Hispanic,B,Bachelor's Degree,Retired
Male,140.7,188.6,1993,green,blonde,African American,O,Master's Degree,Unemployed
Female,208.3,128.1,1929,brown,blonde,Asian,A,Bachelor's Degree,Retired
Female,86,146.1,1988,brown,black,African American,B,Master's Degree,Unemployed
Bigender,148.3,160.7,1941,hazel,red,Caucasian,B,Master's Degree,Employed
Male,96.9,219.2,1920,blue,red,Hispanic,O,PhD,Student
Genderfluid,118.8,184.4,1973,blue,red,Hispanic,A,High School,Student
Male,193.7,137.1,1973,green,brown,Hispanic,O,High School,Employed
Male,57.3,203.2,1968,hazel,blonde,African American,AB,High School,Student
Male,256.5,144.9,1975,blue,black,Caucasian,A,PhD,Retired
Female,290,184.7,1937,green,blonde,Asian,O,PhD,Student
Female,88.7,212.4,1992,blue,black,African American,AB,Bachelor's Degree,Student
Male,184.7,120.2,1992,brown,red,Asian,A,Master's Degree,Student
Male,136,179.8,2003,blue,brown,Caucasian,B,PhD,Unemployed
Male,130.4,141.3,1930,hazel,black,African American,AB,Bachelor's Degree,Student
Female,206.9,158.6,1945,blue,red,African American,B,Master's Degree,Retired
Male,196.6,215.5,1966,green,black,Hispanic,AB,High School,Employed
Male,92.1,164,1955,green,brown,Asian,A,PhD,Student
Genderqueer,192.1,154.3,1964,brown,black,African American,A,Bachelor's Degree,Retired
Male,189.2,157.1,1952,brown,blonde,Hispanic,B,Bachelor's Degree,Unemployed
Female,173.8,134.3,1986,green,blonde,Asian,O,PhD,Student
Female,145.6,213.8,1996,hazel,blonde,Asian,A,PhD,Student
Female,104.6,210.5,1920,green,red,Hispanic,A,PhD,Retired
Male,283.1,179.5,1968,brown,black,Hispanic,A,PhD,Unemployed
Female,270.3,213.3,1971,hazel,brown,Caucasian,AB,High School,Unemployed
Female,163,184.3,1953,blue,blonde,Caucasian,B,Master's Degree,Unemployed
Male,270.2,210.3,1952,green,blonde,Asian,A,PhD,Retired
Male,182.3,185.5,2000,green,blonde,African American,B,Master's Degree,Student
Female,70.3,180.2,1982,blue,red,Hispanic,B,PhD,Student
Male,255.3,218.9,1924,green,brown,Caucasian,O,PhD,Retired
Female,114.7,207,1946,hazel,blonde,African American,O,Master's Degree,Retired
Female,293.6,210.5,1978,blue,brown,African American,B,Bachelor's Degree,Retired
Female,56.7,188.3,1959,hazel,black,African American,AB,Bachelor's Degree,Unemployed
Male,184.7,139.2,1960,green,red,Asian,A,PhD,Employed
Female,92.3,131.2,1969,hazel,red,Asian,O,High School,Retired
Female,225.8,161.6,2003,blue,black,Hispanic,O,Master's Degree,Employed
Male,294,201.3,1921,green,brown,African American,A,PhD,Student
Male,264,139.5,1973,blue,blonde,African American,B,High School,Retired
Male,176.2,168.4,2003,brown,blonde,Asian,B,PhD,Retired
Female,165.3,217.8,1977,green,red,Asian,O,High School,Student
Female,291.7,164,1993,hazel,blonde,African American,AB,High School,Student
Female,241.6,193.1,1950,green,blonde,Asian,AB,High School,Retired
Female,236.2,188.8,1941,brown,red,Hispanic,AB,PhD,Student
Female,196.9,160.4,1974,hazel,black,Asian,O,PhD,Employed
Female,112.1,154.4,1993,blue,brown,African American,B,Bachelor's Degree,Retired
Male,246.4,210.3,1982,green,blonde,Hispanic,O,High School,Student
Female,127.7,154.2,1961,green,blonde,African American,AB,High School,Employed
Male,185.3,185.8,1934,green,blonde,Asian,O,Master's Degree,Unemployed
Female,225.1,173.7,1986,green,red,African American,A,Bachelor's Degree,Unemployed
Female,78.6,211.8,1931,blue,red,Caucasian,O,Bachelor's Degree,Retired
Male,127.2,213.6,1930,brown,black,African American,A,PhD,Retired
Male,266.1,197.9,1972,blue,blonde,Hispanic,B,PhD,Student
Male,90.3,215.6,1927,hazel,black,Hispanic,B,Bachelor's Degree,Retired
Male,239,202.9,1930,brown,brown,Hispanic,A,PhD,Student
Male,64.5,127.3,1973,green,black,African American,A,High School,Unemployed
Male,264.8,180.5,1992,blue,black,Caucasian,A,High School,Retired
Female,94.8,165.8,1954,blue,red,Caucasian,AB,High School,Student
Male,123,178.7,1968,green,blonde,Caucasian,B,Bachelor's Degree,Unemployed
Male,237.1,130.7,2004,green,blonde,Hispanic,B,Bachelor's Degree,Retired
Male,288.9,126.2,1950,blue,black,Hispanic,AB,High School,Retired
Female,148.4,206.8,1987,green,black,Hispanic,A,High School,Unemployed
Male,228.4,190.7,1958,green,black,Hispanic,O,PhD,Unemployed
Female,154.2,202.9,1932,blue,brown,Caucasian,A,High School,Employed
Male,282.6,144.7,2004,brown,red,African American,AB,Master's Degree,Employed
Female,123.1,212.2,1976,brown,black,Asian,B,Bachelor's Degree,Unemployed
Male,171.3,131.9,1979,blue,black,African American,A,PhD,Retired
Female,288.4,138.9,1930,blue,black,Asian,B,Bachelor's Degree,Unemployed
Female,119.4,208.4,2000,hazel,red,Caucasian,O,Bachelor's Degree,Unemployed
Genderqueer,117,205.2,1923,hazel,black,Hispanic,A,PhD,Employed
Female,156.7,154.8,1988,brown,blonde,African American,AB,Bachelor's Degree,Retired
Female,180.9,154.1,1937,green,blonde,African American,B,Master's Degree,Employed
Male,183,207.8,1984,blue,red,African American,AB,PhD,Retired
Male,106.1,174.2,1924,blue,blonde,Asian,AB,PhD,Unemployed
Male,217.6,194.6,1951,brown,red,Caucasian,B,Bachelor's Degree,Unemployed
Male,95.2,191.9,1965,brown,blonde,Caucasian,B,Bachelor's Degree,Employed
Male,206.9,152.8,1922,hazel,black,African American,A,Bachelor's Degree,Student
Female,197.2,216.8,1959,hazel,red,Caucasian,B,High School,Unemployed
Male,284.4,121.1,1952,green,black,Caucasian,AB,High School,Unemployed
Male,129.8,128.4,1933,hazel,black,Asian,AB,Master's Degree,Unemployed
Male,190.2,157,1976,hazel,black,Asian,AB,PhD,Employed
Male,288.3,125,1953,brown,red,Hispanic,AB,PhD,Student
Male,51.7,169.3,1924,blue,red,Caucasian,A,Master's Degree,Student
Female,210.6,151.1,1945,brown,brown,Caucasian,A,High School,Retired
Bigender,109.4,121.1,1970,green,blonde,Caucasian,B,Bachelor's Degree,Unemployed
Genderqueer,225.5,217.6,1941,brown,brown,Caucasian,B,Bachelor's Degree,Employed
Female,222.5,148.2,1946,green,red,Hispanic,B,PhD,Retired
Female,94.5,178.7,1981,brown,brown,Caucasian,B,PhD,Unemployed
Female,62.5,139.2,1956,hazel,red,Hispanic,A,High School,Student
Female,124.5,213.9,1941,hazel,black,Caucasian,A,PhD,Retired
Female,268.6,219.1,1991,blue,red,African American,AB,High School,Retired
Male,246.7,120.3,1996,green,red,Hispanic,A,PhD,Student
Male,131.8,184.4,2002,hazel,blonde,African American,O,Bachelor's Degree,Unemployed
Male,236,125.2,1988,blue,black,Asian,O,PhD,Student
Female,106.4,196.4,1933,green,red,Hispanic,B,High School,Student
Female,275,203.6,1977,green,red,African American,B,Master's Degree,Retired
Female,156.4,177.4,1972,green,red,African American,B,PhD,Student
Bigender,93,161.3,1958,blue,black,Hispanic,O,Bachelor's Degree,Unemployed
Female,157.1,208.5,2000,brown,black,Asian,B,PhD,Unemployed
Male,79.5,202.3,1966,blue,red,Hispanic,A,Bachelor's Degree,Student
Female,155.2,207.3,1962,green,blonde,Hispanic,AB,High School,Employed
Male,81.4,131.1,1990,green,red,African American,A,Master's Degree,Student
Female,222.4,134.3,1989,green,red,Caucasian,B,PhD,Student
Female,185.7,210.2,2002,green,brown,Asian,B,Bachelor's Degree,Unemployed
Female,96.4,153.9,1980,brown,black,Asian,AB,Bachelor's Degree,Retired
Polygender,218.7,136.9,2005,green,blonde,Asian,AB,High School,Unemployed
Female,64.2,191.4,1981,green,black,Asian,O,Bachelor's Degree,Retired
Female,201.8,121,1986,green,red,Hispanic,O,Bachelor's Degree,Student
Male,215.5,208.8,1997,brown,red,Caucasian,O,High School,Employed
Male,282.4,213.7,1982,brown,brown,Hispanic,AB,Master's Degree,Unemployed
Male,133.3,123.2,1933,hazel,red,Asian,B,PhD,Unemployed
Male,53.5,123.6,1958,green,brown,Asian,B,High School,Unemployed
Male,170.9,137.9,1932,green,black,Caucasian,O,Master's Degree,Employed
Male,292,207.7,1974,hazel,blonde,Caucasian,O,Bachelor's Degree,Student
Male,233.2,164.4,2000,blue,red,Caucasian,O,Master's Degree,Employed
Female,211.9,158.5,1961,hazel,black,African American,A,PhD,Retired
Male,91.8,207.9,1979,green,black,Hispanic,B,PhD,Retired
Female,200.2,217,1933,green,red,Caucasian,A,High School,Employed
Male,146.3,200,1956,green,black,Caucasian,O,PhD,Unemployed
Female,268.9,215.7,1999,brown,red,Asian,O,Master's Degree,Student
Female,232.1,155.3,1989,hazel,black,Caucasian,A,High School,Student
Female,143.2,158.4,1984,hazel,black,Hispanic,AB,PhD,Student
Male,257.2,143.8,1969,green,red,African American,O,PhD,Unemployed
Male,269,122.3,1994,green,red,Asian,B,High School,Employed
Male,166.3,171.5,1987,brown,brown,Caucasian,B,Bachelor's Degree,Unemployed
Female,97.6,168.1,1922,brown,blonde,Asian,O,Bachelor's Degree,Retired
Male,291.2,187.7,1945,green,blonde,African American,A,Master's Degree,Unemployed
Female,125.2,129.3,1980,blue,red,Hispanic,O,Bachelor's Degree,Retired
Female,86.3,171.6,1928,hazel,brown,Asian,O,PhD,Employed
Male,66.6,173.2,1962,blue,red,African American,B,PhD,Retired
Female,237.5,157.6,1967,blue,brown,African American,AB,Master's Degree,Unemployed
Female,146.4,190.9,1949,brown,brown,African American,B,PhD,Unemployed
Male,112.4,198.5,1969,brown,red,Asian,A,Master's Degree,Student
Female,74.6,162.3,1931,brown,brown,Hispanic,A,PhD,Student
Male,220.5,145.9,1976,blue,black,African American,O,Master's Degree,Employed
Non-binary,85.2,137.9,1928,blue,blonde,Caucasian,AB,PhD,Student
Male,109.9,204.3,1997,blue,brown,Caucasian,AB,Master's Degree,Retired
Male,75.1,210.7,1920,hazel,brown,Caucasian,AB,High School,Student
Female,239.4,189.6,1989,blue,black,Hispanic,B,Master's Degree,Student
Female,150.9,208.9,1998,hazel,blonde,Caucasian,B,Bachelor's Degree,Student
Female,137.6,139.4,1948,blue,red,Hispanic,B,Master's Degree,Employed
Male,50.8,133.7,1944,brown,brown,Hispanic,B,High School,Unemployed
Male,89.4,172.9,1942,blue,black,African American,A,High School,Retired
Bigender,286.9,212.5,1940,brown,blonde,Asian,A,PhD,Unemployed
Male,52.9,165,1947,brown,red,Hispanic,A,Master's Degree,Unemployed
Male,159.3,193.8,1936,brown,red,Asian,A,Bachelor's Degree,Employed
Male,281.9,200.4,1929,blue,blonde,African American,B,High School,Employed
Genderqueer,233.9,126,1952,brown,blonde,African American,O,High School,Retired
Male,173.7,206.6,1929,blue,blonde,Asian,O,Master's Degree,Student
Male,125.3,215.3,1994,hazel,red,Caucasian,A,Bachelor's Degree,Retired
Male,198.5,160.9,1974,green,black,African American,B,Master's Degree,Student
Male,185.6,210.8,1939,green,brown,Asian,B,PhD,Employed
Female,52.4,178.4,1932,green,red,African American,O,High School,Retired
Male,105.4,201.7,2004,blue,black,Hispanic,A,PhD,Employed
Female,100.5,153.5,1969,hazel,brown,Caucasian,AB,Bachelor's Degree,Retired
Female,275.6,186.9,1922,brown,black,Hispanic,A,Master's Degree,Retired
Female,204.6,179.1,1959,hazel,red,African American,A,PhD,Retired
Agender,242.2,192.2,1959,hazel,blonde,African American,AB,Bachelor's Degree,Retired
Male,95.7,181.1,1948,green,black,Asian,A,Bachelor's Degree,Unemployed
Male,296.6,200.4,2000,blue,brown,African American,O,Bachelor's Degree,Unemployed
Female,178.3,207.9,2000,hazel,blonde,Hispanic,B,Bachelor's Degree,Unemployed
Male,147.4,131,1988,green,blonde,African American,A,PhD,Student
Female,284.3,189.3,1948,brown,black,Caucasian,AB,Master's Degree,Retired
Male,68.5,198.9,1923,blue,blonde,African American,AB,PhD,Unemployed
Female,296.3,199.6,1923,hazel,brown,Asian,O,Bachelor's Degree,Retired
Female,275.1,214.7,1936,hazel,brown,Asian,A,PhD,Unemployed
Male,80,208.6,1973,hazel,brown,Hispanic,O,High School,Employed
Female,194.2,219.9,1956,hazel,blonde,Hispanic,O,Master's Degree,Unemployed
Female,228.1,134.4,1931,brown,black,African American,O,Master's Degree,Employed
Polygender,276.4,189.4,1921,brown,black,African American,O,Bachelor's Degree,Unemployed
Male,150.8,218.7,1952,hazel,black,African American,O,Master's Degree,Employed
Female,98.1,140.6,1950,blue,brown,Asian,A,PhD,Student
Male,154.7,216.1,1938,blue,red,Caucasian,B,Bachelor's Degree,Student
Male,164.8,150.2,1977,brown,brown,Caucasian,A,PhD,Student
Male,176.2,146.7,1995,blue,black,African American,A,Master's Degree,Student
Male,176.1,161.6,1933,green,brown,Asian,A,Bachelor's Degree,Unemployed
Male,95.6,181.1,1988,brown,red,African American,B,Bachelor's Degree,Employed
Female,171.6,213.6,1972,blue,brown,Hispanic,B,PhD,Unemployed
Male,88.7,159.7,1968,hazel,red,Caucasian,O,Master's Degree,Retired
Female,85.7,147.3,1990,blue,black,Caucasian,O,Master's Degree,Unemployed
Female,164.2,144.9,1961,green,black,African American,O,Master's Degree,Retired
Male,218.7,193.5,1920,hazel,black,Asian,O,Bachelor's Degree,Employed
Male,91.1,132,1951,brown,blonde,African American,O,PhD,Unemployed
Male,181.7,175.5,1954,blue,black,African American,AB,High School,Unemployed
Male,141.1,121.3,1979,blue,black,African American,A,Master's Degree,Employed
Male,106.6,171.2,1965,blue,black,African American,B,Master's Degree,Student
Polygender,155.5,130.1,1945,brown,black,Hispanic,O,High School,Unemployed
Female,248.4,189.4,2002,hazel,red,Caucasian,O,Bachelor's Degree,Student
Female,247.2,212,1949,blue,black,Caucasian,AB,High School,Unemployed
Male,201.2,151.4,1956,green,black,Asian,O,Bachelor's Degree,Student
Bigender,183.2,211.8,1994,hazel,black,Hispanic,AB,PhD,Student
Female,154.5,168.5,1967,blue,blonde,African American,A,High School,Unemployed
Male,208.1,171.4,1998,brown,black,Asian,O,Bachelor's Degree,Employed
Female,171.4,144.9,2005,blue,blonde,African American,AB,PhD,Unemployed
Male,69.7,127.6,1950,green,brown,Caucasian,AB,Bachelor's Degree,Retired
Male,178.3,133.2,1920,hazel,red,African American,A,Bachelor's Degree,Student
Male,203.7,205.2,1975,hazel,red,Asian,O,High School,Retired
Bigender,150.3,131.4,1947,hazel,red,Hispanic,O,Bachelor's Degree,Retired
Male,168.5,192.8,1982,green,black,African American,AB,High School,Employed
Male,276.6,127.1,1949,hazel,black,Caucasian,AB,High School,Employed
Female,123.2,156.5,1934,brown,black,Hispanic,B,Master's Degree,Unemployed
Female,228.5,154,1987,blue,brown,Caucasian,A,PhD,Student
Male,156.6,139.5,2002,green,brown,Asian,AB,Master's Degree,Employed
Male,183,208,2000,green,black,Asian,O,PhD,Retired
Female,274,188.6,1934,brown,brown,Hispanic,A,Bachelor's Degree,Student
Female,215.8,146.1,1923,green,blonde,Caucasian,AB,High School,Employed
Male,282.9,134,1920,hazel,red,Asian,A,Bachelor's Degree,Employed
Female,299.4,208.5,1964,green,brown,Hispanic,A,Master's Degree,Retired
Female,275.9,140.5,1962,hazel,red,Hispanic,B,Master's Degree,Unemployed
Female,249.8,162.3,1984,brown,red,African American,O,Bachelor's Degree,Retired
Bigender,236.9,151.6,1953,hazel,blonde,African American,O,Bachelor's Degree,Retired
Female,69,219,1940,blue,black,African American,O,Bachelor's Degree,Student
Female,114.5,128.9,1944,hazel,blonde,Caucasian,AB,PhD,Employed
Bigender,141.6,209.8,1993,hazel,red,Hispanic,O,Master's Degree,Student
Male,190.7,134.4,1936,hazel,brown,Hispanic,B,Bachelor's Degree,Employed
Female,264.6,125.1,1956,blue,black,Asian,AB,Master's Degree,Retired
Male,117.6,155.6,2002,green,blonde,Caucasian,B,High School,Student
Female,193.8,185.9,1925,hazel,red,Asian,O,High School,Retired
Female,269.6,172.8,1976,blue,brown,African American,AB,PhD,Student
Polygender,223.7,156,1952,blue,black,Hispanic,A,PhD,Unemployed
Female,51.6,135.4,1966,blue,brown,Caucasian,O,High School,Retired
Male,213.2,162.5,1930,hazel,brown,African American,O,Master's Degree,Employed
Female,68.8,160.7,1969,brown,blonde,Hispanic,O,Master's Degree,Retired
Male,298.5,135.9,1953,green,brown,Asian,A,Bachelor's Degree,Student
Male,215,211.6,1954,green,black,Hispanic,AB,High School,Retired
Bigender,287.2,203.5,1971,brown,brown,African American,B,High School,Employed
Male,179.6,183.9,2001,green,brown,Hispanic,B,Bachelor's Degree,Employed
Female,89.3,188.2,1967,green,black,African American,A,High School,Student
Male,291.7,127.2,1959,green,black,Asian,AB,PhD,Unemployed
Agender,106.6,121.5,1996,blue,brown,Caucasian,A,PhD,Employed
Male,159.5,215.7,1950,brown,blonde,Hispanic,AB,Master's Degree,Unemployed
Male,169.5,210.6,1944,green,red,Caucasian,AB,Master's Degree,Student
Male,57.1,179.9,1972,green,red,African American,A,Bachelor's Degree,Retired
Male,89.7,196.6,1922,green,red,Caucasian,A,High School,Employed
Female,95.1,217.5,1920,green,blonde,Hispanic,B,Master's Degree,Employed
Male,53.1,154,1983,green,black,Hispanic,AB,High School,Student
Male,151.5,135.5,1988,green,blonde,Caucasian,AB,Bachelor's Degree,Retired
Male,195.8,153.3,2002,green,brown,Caucasian,A,Bachelor's Degree,Employed
Female,160.1,217.7,1938,blue,blonde,Hispanic,AB,Bachelor's Degree,Employed
Female,165.4,201.7,1942,green,black,Hispanic,AB,PhD,Retired
Female,219.8,161.7,1925,blue,red,Caucasian,B,Master's Degree,Unemployed
Female,288.2,120.8,1960,hazel,blonde,Caucasian,A,Bachelor's Degree,Employed
Non-binary,113,169,1944,green,black,African American,O,PhD,Retired
Female,66.3,123.8,1947,green,black,Hispanic,AB,Bachelor's Degree,Student
Male,145.3,134.6,1946,green,red,African American,AB,PhD,Retired
Bigender,157.1,184.1,1930,blue,blonde,African American,AB,High School,Unemployed
Male,170.6,194.7,1937,blue,brown,Hispanic,B,PhD,Employed
Female,79.6,127.4,1967,blue,brown,Hispanic,O,High School,Student
Male,66.6,139.9,1996,hazel,brown,Caucasian,A,PhD,Retired
Male,105.9,158.9,1993,brown,black,Caucasian,AB,Master's Degree,Student
Male,117.5,189.6,1928,hazel,blonde,Caucasian,O,Master's Degree,Retired
Female,100.2,131.7,1967,green,blonde,Asian,O,Master's Degree,Student
Male,163.8,146.5,1994,hazel,blonde,African American,AB,Master's Degree,Employed
Female,282.1,121.5,1959,blue,brown,African American,AB,Master's Degree,Retired
Male,248.8,180.5,1997,hazel,black,Hispanic,B,PhD,Student
Female,105.5,188,2000,brown,red,Asian,B,Bachelor's Degree,Unemployed
Male,185.3,219.7,1967,brown,blonde,Asian,AB,PhD,Student
Female,59.4,175.2,1967,hazel,red,Hispanic,AB,PhD,Unemployed
Female,129.3,181.9,1977,green,red,Caucasian,A,Bachelor's Degree,Employed
Male,58.1,126.6,1971,hazel,blonde,Caucasian,B,Bachelor's Degree,Student
Female,93.4,146.7,1965,brown,blonde,Hispanic,B,PhD,Employed
Male,167.4,127.3,1985,hazel,brown,Hispanic,AB,PhD,Student
Genderfluid,263.2,165,1990,brown,blonde,Asian,O,Bachelor's Degree,Student
Male,182.1,206.6,1943,green,red,African American,O,High School,Unemployed
Female,177.2,195.6,1976,brown,black,Hispanic,O,Master's Degree,Student
Female,196,176.6,1976,hazel,black,African American,B,Bachelor's Degree,Unemployed
Female,79.9,175,1977,green,blonde,Hispanic,AB,PhD,Student
Female,72.5,170.5,1926,green,red,African American,O,Master's Degree,Retired
Polygender,72.3,165.7,1939,hazel,blonde,Hispanic,O,Master's Degree,Employed
Female,288.3,192.5,1927,brown,brown,Asian,O,Bachelor's Degree,Student
Male,261.9,138.2,1994,hazel,blonde,African American,A,High School,Student
Female,177.9,138.3,1978,hazel,red,Hispanic,O,PhD,Student
Female,237.8,192.3,1959,brown,blonde,Asian,A,Master's Degree,Employed
Male,150.5,159.9,1925,green,blonde,African American,O,High School,Student
Male,108.8,173.2,2000,brown,brown,Asian,O,PhD,Unemployed
Agender,167.7,123,1971,brown,red,Caucasian,AB,PhD,Retired
Male,105.5,213.7,2001,green,red,African American,AB,PhD,Unemployed
Female,77.4,166.3,1992,blue,brown,Hispanic,O,Bachelor's Degree,Student
Male,136.1,146.8,1944,green,red,Asian,AB,PhD,Unemployed
Female,62.6,131.1,1956,brown,brown,Caucasian,A,Master's Degree,Employed
Male,276.2,144.2,1994,green,blonde,African American,A,PhD,Student
Female,256.3,155.8,1993,green,brown,African American,A,Bachelor's Degree,Unemployed
Female,294.6,153.3,2005,hazel,blonde,African American,A,High School,Unemployed
Female,94.1,193.2,1977,hazel,blonde,Caucasian,AB,High School,Unemployed
Female,249,195.4,1945,blue,black,Caucasian,A,PhD,Retired
Female,184.1,124.2,1944,brown,blonde,African American,B,PhD,Retired
Female,171.8,145.9,1957,hazel,black,Asian,B,Bachelor's Degree,Unemployed
Female,81.5,129.9,1943,hazel,black,African American,B,PhD,Unemployed
Male,244.3,130.6,1944,blue,black,Hispanic,O,Master's Degree,Student
Male,144.4,210.3,1986,green,brown,African American,AB,High School,Retired
Male,241.2,137.2,2005,green,black,Caucasian,O,Master's Degree,Student
Male,205.3,175.5,1994,green,black,Asian,B,High School,Employed
Bigender,236.9,171.7,2005,brown,black,Hispanic,O,Master's Degree,Retired
Female,257.4,187.7,1990,hazel,red,Asian,O,Bachelor's Degree,Retired
Male,257.6,211.4,1961,hazel,blonde,Asian,O,Bachelor's Degree,Retired
Female,218.3,212.7,1975,green,blonde,Hispanic,A,Bachelor's Degree,Student
Male,267.6,210.8,1947,blue,blonde,Caucasian,B,PhD,Unemployed
Male,91.3,153.6,1980,brown,black,African American,O,Master's Degree,Retired
Female,90.3,126.7,2001,hazel,blonde,Caucasian,B,High School,Student
Female,52.7,170.2,1961,hazel,red,Caucasian,AB,PhD,Employed
Female,197.4,213.9,1944,brown,red,Hispanic,B,Master's Degree,Retired
Male,280.4,219.4,2002,brown,blonde,African American,A,High School,Unemployed
Female,202.3,140.1,1943,blue,black,Caucasian,B,High School,Retired
Female,247.7,186.9,1950,brown,blonde,Caucasian,A,Bachelor's Degree,Employed
Male,170.9,127.5,1955,green,black,Caucasian,A,Master's Degree,Employed
Female,236.6,182.3,1966,brown,brown,Caucasian,A,High School,Student
Male,264.5,175.8,1938,brown,brown,Caucasian,B,High School,Unemployed
Male,113.5,216.2,1944,hazel,brown,Caucasian,B,Bachelor's Degree,Employed
Bigender,184.7,135.5,1921,hazel,blonde,Caucasian,A,PhD,Retired
Female,134.4,199.9,2004,blue,blonde,African American,A,Bachelor's Degree,Student
Male,227.1,149.9,1955,hazel,blonde,Asian,O,High School,Retired
Male,224,124.7,1962,blue,blonde,Hispanic,B,Master's Degree,Unemployed
Male,246.4,165.2,1964,hazel,black,African American,A,High School,Unemployed
Male,198.4,190.8,1956,hazel,blonde,African American,B,Bachelor's Degree,Unemployed
Male,204.7,191.9,1928,green,blonde,Asian,B,High School,Employed
Female,208.2,197.4,1964,green,red,Caucasian,AB,Master's Degree,Employed
Agender,106.8,217.8,2003,blue,red,Asian,AB,Master's Degree,Unemployed
Male,108.7,181.4,1984,blue,brown,Caucasian,B,Bachelor's Degree,Retired
Male,128.3,187.7,2000,blue,black,Asian,A,Master's Degree,Employed
Female,151.7,182.6,1972,green,brown,Caucasian,O,PhD,Retired
Male,167.4,164.7,1954,hazel,blonde,Caucasian,AB,Bachelor's Degree,Employed
Male,74.9,169.1,1968,brown,brown,Asian,B,Master's Degree,Retired
Female,203.2,130.4,1991,green,brown,Caucasian,AB,Master's Degree,Employed
Female,152.5,207.3,1976,hazel,blonde,African American,B,High School,Employed
Female,219.2,166.1,1966,blue,brown,Caucasian,A,PhD,Retired
Female,190,152.7,1935,blue,blonde,Caucasian,O,PhD,Unemployed
Male,275,148.6,1946,hazel,brown,African American,AB,High School,Employed
Female,53.6,190.1,1937,brown,black,Hispanic,AB,High School,Student
Polygender,171.1,152.8,1967,hazel,red,Hispanic,B,PhD,Unemployed
Female,251.7,209.7,1922,hazel,brown,Asian,O,Master's Degree,Student
Female,93.4,165.3,1985,brown,brown,Hispanic,A,Bachelor's Degree,Employed
Male,223.8,169.9,1981,blue,black,Asian,AB,PhD,Student
Male,197,202.4,1957,brown,black,Caucasian,AB,PhD,Retired
Female,154.7,216.5,1997,blue,red,Caucasian,A,PhD,Retired
Female,129.5,210.7,1960,hazel,blonde,African American,A,Bachelor's Degree,Unemployed
Male,157.5,196.7,1954,hazel,blonde,Caucasian,AB,PhD,Retired
Female,70.9,190.5,1977,hazel,red,Asian,B,PhD,Student
Male,264.5,179.1,2005,blue,red,Caucasian,A,High School,Unemployed
Female,227.4,178.7,1934,blue,brown,Caucasian,A,Bachelor's Degree,Unemployed
Female,278.1,126.4,1999,brown,red,Hispanic,A,Bachelor's Degree,Employed
Female,297.5,187.9,1941,blue,blonde,Hispanic,AB,Bachelor's Degree,Retired
Male,125.5,179.4,2001,hazel,black,African American,AB,Bachelor's Degree,Unemployed
Male,178.1,144.3,1938,brown,blonde,African American,O,High School,Employed
Female,192.7,142,1972,green,blonde,Hispanic,O,Master's Degree,Student
Female,278.3,139.2,1928,brown,red,African American,A,Master's Degree,Student
Female,160.1,127,1940,brown,black,Hispanic,B,PhD,Unemployed
Male,105.1,123.3,1984,blue,red,African American,O,High School,Unemployed
Male,131.5,130.8,1996,hazel,red,Caucasian,A,Bachelor's Degree,Employed
Female,128.7,184,1939,brown,red,Caucasian,B,PhD,Employed
Female,56.8,205.1,1948,hazel,red,Hispanic,B,Bachelor's Degree,Unemployed
Genderfluid,77.8,195.8,1937,green,brown,African American,B,Bachelor's Degree,Unemployed
Male,228.8,174.1,1951,hazel,black,Hispanic,B,Master's Degree,Employed
Female,275.8,188.5,1927,green,red,Caucasian,AB,PhD,Student
Male,138.8,141.5,1938,blue,red,Hispanic,AB,Bachelor's Degree,Student
Male,140.3,155.7,1987,brown,black,African American,B,Bachelor's Degree,Unemployed
Male,51.6,170.9,1931,green,red,Asian,AB,Bachelor's Degree,Student
Male,266,127.3,1933,green,blonde,African American,A,Bachelor's Degree,Student
Female,278.5,166.2,1946,blue,blonde,Asian,B,High School,Employed
Female,79.3,124.7,1987,blue,brown,Hispanic,B,Bachelor's Degree,Retired
Male,239.6,177.7,2005,blue,blonde,Hispanic,A,High School,Student
Female,218.6,135.2,1928,hazel,brown,Caucasian,O,PhD,Retired
Female,100.7,133.1,1967,green,blonde,African American,A,PhD,Unemployed
Female,146.2,189.3,1933,hazel,blonde,African American,O,PhD,Retired
Female,227.1,183,1975,hazel,black,African American,B,Bachelor's Degree,Employed
Male,110.5,199.5,1997,blue,black,Asian,O,Master's Degree,Retired
Male,253.2,209.2,1970,green,red,Hispanic,A,Bachelor's Degree,Employed
Male,218.2,150.7,1955,blue,black,Hispanic,O,PhD,Employed
Female,238.3,126.7,1940,brown,black,Caucasian,A,High School,Student
Female,143.3,170.7,1971,hazel,black,Asian,A,High School,Student
Male,217.3,197.9,1943,blue,black,Hispanic,AB,High School,Retired
Male,52,150.6,1968,hazel,red,Caucasian,O,Bachelor's Degree,Student
Female,125.5,132.8,1940,hazel,black,Caucasian,A,Bachelor's Degree,Student
Male,264.6,191.8,2001,brown,black,Caucasian,A,Bachelor's Degree,Unemployed
Male,110.3,151.1,1923,hazel,brown,Caucasian,AB,PhD,Student
Female,164.5,204.5,1925,blue,red,Hispanic,A,High School,Student
Female,197.6,178.5,1930,blue,black,African American,O,PhD,Student
Male,108.8,186.3,1972,brown,blonde,African American,A,Master's Degree,Employed
Female,266.7,181.5,1958,hazel,brown,Caucasian,O,Bachelor's Degree,Student
Female,247.2,162.4,1962,green,brown,Asian,A,Bachelor's Degree,Retired
Female,91.5,215.1,1958,brown,black,Asian,A,High School,Employed
Male,167.5,157.7,1953,brown,red,African American,A,PhD,Unemployed
Female,78.2,213.6,1986,hazel,black,Caucasian,AB,Master's Degree,Student
Agender,156.1,174.1,1975,blue,brown,Caucasian,O,PhD,Unemployed
Female,234.8,190.8,1966,brown,brown,Hispanic,AB,Bachelor's Degree,Student
Agender,136.1,145.3,1992,blue,black,Caucasian,AB,PhD,Student
Female,146.7,204.2,2001,green,black,Caucasian,AB,Master's Degree,Unemployed
Female,268.8,139.5,1995,brown,red,Hispanic,B,Bachelor's Degree,Employed
Female,214.4,134.8,1957,green,black,African American,A,Master's Degree,Retired
Male,161.8,135.7,1970,brown,red,Asian,A,Master's Degree,Employed
Female,129.5,213.5,1958,brown,red,Hispanic,A,PhD,Retired
Male,65.5,215.6,1974,blue,brown,Caucasian,AB,High School,Student
Female,176.6,149.1,1947,hazel,brown,African American,AB,High School,Student
Female,106.8,148.9,1987,brown,brown,Hispanic,AB,Bachelor's Degree,Retired
Male,157.4,190.8,1972,green,blonde,African American,B,Master's Degree,Unemployed
Female,175.3,154.1,1972,hazel,blonde,Hispanic,A,Bachelor's Degree,Retired
Female,77.5,158.3,2004,hazel,red,African American,B,Bachelor's Degree,Student
Agender,141.5,209.5,1971,blue,red,Asian,A,Bachelor's Degree,Retired
Male,297.2,135.5,1943,hazel,brown,Asian,O,High School,Retired
Non-binary,202.7,192.2,1993,blue,blonde,African American,O,Bachelor's Degree,Student
Male,174.9,148.9,1995,brown,red,Asian,O,PhD,Employed
Male,246,201.6,1932,brown,black,Caucasian,O,PhD,Retired
Male,173.1,196.9,1985,hazel,brown,Asian,O,PhD,Employed
Non-binary,277.9,123.2,1947,blue,blonde,Caucasian,B,High School,Student
Male,278.4,175.9,1926,brown,blonde,Hispanic,O,PhD,Unemployed
Male,260.2,133.5,1934,hazel,red,Hispanic,AB,Master's Degree,Retired
Female,72.1,137.9,1997,green,red,Caucasian,B,Bachelor's Degree,Employed
Male,155.3,213.4,1987,hazel,brown,African American,AB,Bachelor's Degree,Unemployed
Female,218.6,203.5,1925,hazel,brown,Caucasian,O,Master's Degree,Unemployed
Male,252.6,160.9,1987,brown,brown,African American,O,PhD,Retired
Male,287,175.1,1927,brown,red,African American,AB,PhD,Retired
Male,215.1,215.9,1945,green,red,Asian,B,Bachelor's Degree,Retired
Female,230.8,150,1967,green,red,Hispanic,O,PhD,Employed
Female,281.8,155.2,1963,brown,blonde,Hispanic,A,PhD,Employed
Female,275.8,164.2,1923,hazel,brown,Hispanic,A,Bachelor's Degree,Employed
Male,282,217.6,1945,blue,red,Asian,O,Bachelor's Degree,Retired
Male,91.6,158.3,2002,brown,red,African American,O,PhD,Retired
Male,258.1,146.7,1994,green,blonde,Hispanic,A,Master's Degree,Student
Female,52.2,184.8,1955,brown,blonde,African American,O,Bachelor's Degree,Unemployed
Female,76.7,146.3,1923,green,brown,African American,A,Bachelor's Degree,Retired
Female,205.1,211.4,1953,blue,red,Hispanic,O,Bachelor's Degree,Retired
Female,63.6,164.8,1957,hazel,blonde,Hispanic,B,Master's Degree,Employed
Male,120.5,198.7,1983,hazel,brown,Hispanic,AB,PhD,Student
Female,270.5,173.3,1936,hazel,black,Asian,A,Master's Degree,Retired
Female,66.4,142.5,1974,green,blonde,Hispanic,AB,High School,Unemployed
Female,217.2,156.3,1924,green,blonde,Asian,AB,Master's Degree,Retired
Male,227.8,127.3,1959,blue,blonde,Asian,A,Master's Degree,Employed
Female,84,217.4,1925,green,blonde,Caucasian,A,PhD,Employed
Female,94.4,206.5,1980,hazel,blonde,Caucasian,A,PhD,Unemployed
Female,210.9,202.3,1923,green,blonde,Caucasian,A,High School,Unemployed
Male,113.1,137.3,1979,hazel,red,Asian,B,PhD,Unemployed
Male,293.3,169.2,1970,blue,red,Caucasian,B,High School,Student
Female,71.5,208.7,1989,brown,black,Asian,AB,Master's Degree,Student
Female,231.2,215.1,1933,green,blonde,African American,O,PhD,Retired
Male,259.7,205.4,1984,brown,brown,Asian,B,PhD,Student
Male,254.2,166.7,1935,blue,black,Asian,A,Master's Degree,Unemployed
Male,65.6,203.4,1931,green,blonde,Hispanic,A,PhD,Unemployed
Male,148.8,182.5,1929,blue,blonde,Hispanic,B,Master's Degree,Employed
Female,213.8,150.3,1959,blue,brown,Hispanic,B,Bachelor's Degree,Unemployed
Female,66.7,126.7,1942,hazel,black,African American,A,Bachelor's Degree,Student
Female,258.4,191.6,2003,hazel,brown,Caucasian,B,High School,Employed
Male,256.5,153.8,1935,blue,blonde,Caucasian,B,High School,Retired
Female,88.9,122.3,1935,hazel,blonde,Caucasian,B,PhD,Unemployed
Female,164.8,146.5,1990,blue,brown,Hispanic,A,PhD,Retired
Female,266.9,174.9,1983,blue,brown,African American,O,Bachelor's Degree,Student
Female,113.6,161.3,2000,brown,red,Asian,B,PhD,Retired
Male,86.3,187,1961,green,brown,Asian,B,Master's Degree,Employed
Female,75.3,194.9,1992,hazel,blonde,Asian,B,PhD,Student
Male,283.1,154.8,1962,brown,brown,Caucasian,B,High School,Retired
Male,129.3,177.3,1996,blue,red,Caucasian,A,Master's Degree,Student
Male,77.6,129.3,1955,blue,black,Asian,O,High School,Employed
Female,215.2,199,1958,hazel,black,African American,O,Master's Degree,Employed
Non-binary,276.6,190.2,1946,brown,black,Caucasian,O,High School,Employed
Male,142.8,192.5,1986,green,red,Asian,B,Bachelor's Degree,Student
Female,243.6,207.2,1972,green,black,Asian,B,High School,Employed
Male,120.1,197,1956,hazel,brown,Asian,AB,Bachelor's Degree,Employed
Female,64.6,208.4,1924,hazel,black,Hispanic,A,Bachelor's Degree,Unemployed
Female,201.3,141.1,1960,blue,brown,Asian,A,PhD,Retired
Male,294.4,173.9,1946,hazel,black,African American,B,Master's Degree,Employed
Male,177.6,126.3,1994,hazel,red,Hispanic,AB,Master's Degree,Employed
Male,124.9,164.7,1920,brown,brown,Asian,AB,High School,Unemployed
Female,234.7,160,1960,blue,brown,Caucasian,O,Master's Degree,Unemployed
Male,87.2,156.3,1971,hazel,brown,African American,AB,Bachelor's Degree,Employed
Female,213.5,210.1,1995,hazel,brown,Caucasian,O,Bachelor's Degree,Unemployed
Female,274,197.4,1988,green,blonde,Hispanic,AB,PhD,Employed
Female,130.1,215.2,1997,hazel,black,African American,A,High School,Student
Male,175.3,166.5,1981,green,brown,Asian,B,Bachelor's Degree,Student
Female,79.9,122.2,1993,brown,brown,Hispanic,B,High School,Employed
Male,193.6,219.6,1991,blue,brown,Hispanic,A,Master's Degree,Employed
Female,95,193.3,1957,brown,black,African American,AB,Master's Degree,Student
Non-binary,122.2,197.8,1972,hazel,black,Asian,B,PhD,Student
Male,216.9,217.3,1984,hazel,black,Hispanic,AB,Master's Degree,Unemployed
Male,227.9,175.9,1944,blue,blonde,African American,B,PhD,Student
Male,117.7,148.5,1966,brown,red,Caucasian,B,Bachelor's Degree,Employed
Polygender,58,144.8,1964,blue,brown,Hispanic,B,Master's Degree,Retired
Male,204,149.2,1996,blue,brown,Hispanic,O,PhD,Student
Female,218.9,148.6,1994,brown,brown,Hispanic,B,Master's Degree,Employed
Male,146.4,130.7,1964,brown,red,African American,O,High School,Employed
Female,139,138.8,1998,hazel,blonde,Asian,A,PhD,Retired
Female,156.1,196,1986,green,black,African American,AB,Master's Degree,Retired
Female,282.7,122.3,1957,hazel,brown,Hispanic,AB,High School,Unemployed
Female,117.1,138.1,1962,hazel,black,Caucasian,O,High School,Employed
Female,282.9,194.9,1955,brown,black,African American,AB,Bachelor's Degree,Employed
Male,108.8,197.6,1926,brown,black,Caucasian,A,PhD,Student
Male,132.1,183.3,1996,green,black,Caucasian,A,Master's Degree,Employed
Non-binary,81.1,193.7,1983,hazel,red,Asian,B,Bachelor's Degree,Employed
Female,246.4,196.9,1980,hazel,blonde,African American,A,Master's Degree,Student
Male,260.6,201.6,1976,brown,brown,Asian,B,PhD,Unemployed
Male,258.2,133.5,1945,blue,blonde,African American,B,Master's Degree,Retired
Female,50.8,209.4,1926,hazel,brown,Caucasian,A,High School,Student
Male,234.4,170,2003,brown,red,Asian,B,Master's Degree,Retired
Female,89.8,179.6,1996,blue,black,Asian,O,Bachelor's Degree,Employed
Female,220.2,150.1,1974,hazel,brown,Asian,A,PhD,Student
Female,168,190.1,1924,green,blonde,African American,O,Bachelor's Degree,Employed
Female,197.4,217,1958,blue,black,Asian,AB,PhD,Student
Polygender,90.1,157.9,1996,green,blonde,Asian,O,Bachelor's Degree,Student
Male,115.1,192.3,1922,blue,red,Caucasian,AB,Bachelor's Degree,Employed
Female,54.2,190.2,1936,hazel,black,Caucasian,O,Master's Degree,Unemployed
Female,173.3,131.9,1920,blue,black,African American,A,PhD,Employed
Female,190.4,183.3,1943,brown,black,African American,O,Master's Degree,Unemployed
Male,101.7,207.2,1976,hazel,red,African American,AB,High School,Employed
Male,73,153.7,1958,brown,black,Asian,A,Master's Degree,Retired
Female,254.9,158,1960,blue,red,Asian,B,PhD,Employed
Female,253.3,173.7,1974,blue,red,Caucasian,B,Master's Degree,Employed
Female,145.9,191.6,1999,green,brown,Asian,O,High School,Unemployed
Male,55.7,200,1921,brown,brown,African American,O,High School,Student
Male,157.5,195.9,1959,hazel,red,Hispanic,A,Master's Degree,Employed
Male,126.7,157.9,1946,blue,red,African American,A,Master's Degree,Retired
Female,69.3,131.7,1939,hazel,red,Caucasian,AB,PhD,Unemployed
Non-binary,260,186.9,1974,green,blonde,African American,AB,Bachelor's Degree,Student
Female,122.2,140.3,1995,blue,brown,African American,A,Master's Degree,Retired
Male,181,197.4,1965,hazel,brown,Caucasian,O,PhD,Employed
Male,288,154.7,1942,brown,black,Asian,AB,Master's Degree,Retired
Female,80.4,134.5,1954,green,red,African American,B,Master's Degree,Retired
Female,257.8,202.4,1962,blue,black,Hispanic,AB,Master's Degree,Student
Male,264.1,179,1942,hazel,red,Asian,B,Bachelor's Degree,Employed
Male,101.2,123.7,1993,brown,red,Hispanic,O,Bachelor's Degree,Employed
Female,58.4,217.3,1989,blue,black,Hispanic,O,Bachelor's Degree,Retired
Male,172.8,170.5,1921,brown,black,Hispanic,AB,Master's Degree,Retired
Male,139.2,184.9,1991,green,black,African American,O,PhD,Unemployed
Female,136.4,135.7,1941,brown,blonde,Asian,AB,Master's Degree,Student
Male,270.9,200.3,1940,blue,red,Caucasian,O,PhD,Employed
Male,273.4,139.6,2001,green,blonde,Caucasian,AB,High School,Unemployed
Male,71.9,160.8,1978,green,brown,Asian,B,Master's Degree,Student
Male,270.1,190.3,1920,green,black,African American,AB,PhD,Unemployed
Male,282.4,187.9,1989,green,brown,Asian,O,PhD,Student
Female,212.3,208.6,1975,hazel,red,Asian,AB,High School,Student
Female,67.7,166.6,1983,hazel,black,African American,AB,High School,Employed
Female,76.1,191.3,1948,brown,black,Caucasian,A,PhD,Retired
Genderqueer,285.3,206.6,1968,brown,blonde,Hispanic,A,PhD,Employed
Male,241.2,170.7,1974,brown,blonde,Caucasian,AB,High School,Student
Female,90,134.9,2001,blue,blonde,Hispanic,A,Master's Degree,Employed
Female,195.8,169.3,1931,hazel,red,Hispanic,AB,PhD,Employed
Female,192.6,130.1,1993,blue,brown,Asian,B,Master's Degree,Retired
Male,59.6,127.8,2003,hazel,red,African American,O,High School,Student
Male,86.6,167.4,1997,hazel,blonde,Asian,AB,PhD,Unemployed
Male,147.5,194.6,1940,green,black,Caucasian,A,Bachelor's Degree,Student
Male,261.2,206.9,2005,green,blonde,Asian,O,High School,Student
Male,174.8,176.8,1946,green,brown,Caucasian,A,High School,Unemployed
Male,170,211,1993,brown,blonde,Caucasian,B,Bachelor's Degree,Employed
Male,210.6,127.3,1971,green,blonde,Caucasian,A,PhD,Employed
Polygender,128.6,219,1948,blue,black,Asian,A,High School,Retired
Female,154.1,127.3,1974,hazel,red,Asian,B,High School,Student
Female,170,162.8,1921,hazel,red,African American,O,PhD,Student
Female,236.7,183.2,1923,hazel,red,African American,AB,Bachelor's Degree,Student
Male,250.7,152.8,1928,blue,black,Asian,AB,High School,Unemployed
Female,183.6,159.1,1962,hazel,black,African American,A,High School,Retired
Bigender,116.1,125.1,2002,brown,brown,Asian,A,PhD,Retired
Female,109.2,204.6,2004,hazel,black,Hispanic,B,Bachelor's Degree,Retired
Non-binary,64,158.2,1993,blue,blonde,Hispanic,AB,PhD,Employed
Male,61.4,144.2,1947,brown,red,African American,O,High School,Retired
Male,96.6,200.2,1996,hazel,red,Asian,A,PhD,Unemployed
Polygender,181.9,170.2,1980,brown,red,Asian,B,Master's Degree,Student
Male,210.6,139.3,1997,brown,red,Asian,O,PhD,Unemployed
Female,265.3,168.3,1960,hazel,black,African American,O,Bachelor's Degree,Student
Female,78.5,173,1983,green,brown,African American,B,High School,Unemployed
Female,81.6,145.3,1997,green,black,Caucasian,AB,PhD,Employed
Female,195.5,212.1,1931,hazel,red,Caucasian,AB,Bachelor's Degree,Retired
Female,286.2,208.5,1961,blue,black,Asian,B,Master's Degree,Student
Male,256.5,144.3,1935,green,blonde,African American,B,Master's Degree,Retired
Male,248.7,215.3,1995,brown,brown,Asian,B,Bachelor's Degree,Retired
Female,287.5,144.5,1987,brown,blonde,Caucasian,A,Master's Degree,Unemployed
Male,281.5,133.8,1990,hazel,brown,Asian,O,Master's Degree,Student
Genderfluid,294,212.7,1974,brown,brown,Hispanic,A,High School,Employed
Male,238.7,183.8,1926,brown,blonde,Hispanic,B,Master's Degree,Employed
Female,129.3,206.5,1921,green,brown,African American,O,Master's Degree,Student
Female,258.7,211.9,1989,hazel,blonde,Asian,O,PhD,Employed
Female,82.2,197.3,1927,green,blonde,Hispanic,AB,Bachelor's Degree,Retired
Female,215.2,181.9,1938,hazel,blonde,Caucasian,O,PhD,Employed
Male,192.6,125.4,1928,brown,red,Hispanic,AB,PhD,Retired
Male,196.4,201,1965,green,red,Asian,AB,Bachelor's Degree,Student
Male,190.9,124.5,1945,blue,red,Asian,O,Master's Degree,Unemployed
Male,124.8,126.5,1938,blue,red,African American,B,PhD,Employed
Female,259.3,136,1997,blue,black,Hispanic,O,Bachelor's Degree,Employed
Genderqueer,127,148.8,2003,blue,black,Asian,B,Bachelor's Degree,Unemployed
Polygender,99.6,176.2,1937,green,blonde,African American,A,High School,Retired
Female,186.2,165.1,1958,green,red,Hispanic,B,High School,Student
Female,176.8,163.5,1942,blue,black,African American,O,High School,Unemployed
Female,282.8,121.6,2003,brown,brown,African American,A,Bachelor's Degree,Student
Female,70.7,209.9,1950,hazel,blonde,Asian,B,High School,Employed
Male,241.6,215.5,1993,blue,red,Asian,AB,High School,Employed
Female,152,197.3,1955,brown,brown,African American,O,PhD,Retired
Male,172.8,213.2,1947,hazel,red,Asian,O,Master's Degree,Employed
Male,170.5,197.1,1968,brown,red,Hispanic,A,High School,Student
Female,201.5,207.5,1935,blue,red,Caucasian,AB,PhD,Unemployed
Male,262,120.5,1966,hazel,red,Hispanic,O,High School,Student
Female,283.1,141.9,1964,hazel,brown,Hispanic,A,PhD,Student
Male,107.8,122.5,1925,hazel,blonde,Hispanic,O,High School,Student
Female,279.7,204.5,1922,blue,black,African American,O,PhD,Employed
Male,260.7,216.2,2000,blue,brown,Caucasian,B,Bachelor's Degree,Retired
Male,85.4,201.4,1975,green,blonde,Asian,B,Master's Degree,Retired
Male,259.1,163.6,1948,green,blonde,Hispanic,AB,Master's Degree,Student
Male,52.5,177.8,1938,blue,black,African American,O,Bachelor's Degree,Employed
Male,224.2,168.7,1983,green,red,African American,B,Bachelor's Degree,Student
Male,135.3,136.5,1977,brown,brown,African American,B,High School,Retired
Male,67.6,149.8,1999,hazel,red,Caucasian,O,High School,Student
Female,244.6,207.4,2001,hazel,black,African American,AB,PhD,Retired
Male,173.5,191.8,1949,brown,red,African American,B,PhD,Retired
Male,137.3,131.3,1976,green,red,Hispanic,A,Master's Degree,Retired
Male,238,201.9,2005,hazel,black,Asian,A,PhD,Student
Female,118.1,149.2,1973,hazel,red,Asian,O,Master's Degree,Student
Male,292.8,161,1984,hazel,red,Hispanic,B,Bachelor's Degree,Employed
Female,228.4,148.6,1968,brown,brown,Caucasian,AB,Master's Degree,Unemployed
Female,206.4,200.9,1999,brown,black,Caucasian,AB,PhD,Retired
Female,189.3,215.7,1975,green,black,Asian,B,Master's Degree,Unemployed
Female,76.2,199,1932,brown,blonde,Asian,O,PhD,Student
Female,255.3,140.8,1986,hazel,black,Hispanic,O,High School,Retired
Genderfluid,207.6,171.6,1986,blue,blonde,Asian,AB,Master's Degree,Retired
Female,163.1,132.9,1926,green,black,Asian,B,High School,Unemployed
Male,150.6,208.8,1924,brown,red,Caucasian,A,Master's Degree,Retired
Female,250,134.1,1925,green,blonde,Caucasian,AB,High School,Employed
Female,130.1,195.9,1955,hazel,red,Hispanic,O,Master's Degree,Student
Male,243.5,147.6,1952,brown,brown,Hispanic,AB,High School,Unemployed
Male,206.3,122.1,1926,green,brown,African American,AB,High School,Student
Male,181.9,187.7,1924,green,blonde,Caucasian,O,Bachelor's Degree,Student
Female,68.1,217.2,1920,brown,brown,Hispanic,B,High School,Employed
Female,170.4,168.4,1935,brown,blonde,Caucasian,AB,PhD,Unemployed
Female,157.4,127.9,1951,blue,red,Hispanic,B,Bachelor's Degree,Employed
Male,208.6,146.7,1973,hazel,brown,Hispanic,AB,PhD,Unemployed
Female,183,216.8,1925,blue,blonde,African American,O,PhD,Retired
Male,157.2,206.2,1955,hazel,blonde,Caucasian,A,High School,Student
Male,155,130.5,1988,brown,brown,Caucasian,B,PhD,Retired
Male,148,217.8,2003,green,blonde,Asian,A,High School,Retired
Male,81.2,170.7,1982,hazel,black,African American,AB,PhD,Retired
Male,233.6,197.7,1993,brown,brown,Asian,AB,Bachelor's Degree,Unemployed
Male,250.3,159.2,1979,hazel,brown,Caucasian,B,High School,Unemployed
Female,163.4,158.1,1922,blue,black,Caucasian,O,High School,Employed
Female,97.7,163.9,1944,green,brown,Caucasian,O,High School,Retired
Female,273,167.3,2005,hazel,blonde,Asian,AB,PhD,Student
Agender,80.8,193.2,1972,hazel,blonde,African American,B,Bachelor's Degree,Student
Genderfluid,98.1,193.2,1950,brown,blonde,Hispanic,O,PhD,Employed
Male,191.3,144.3,1995,hazel,red,Asian,AB,Bachelor's Degree,Employed
Male,295.5,162.5,1964,hazel,brown,Caucasian,AB,Master's Degree,Retired
Male,247.6,168.3,1920,green,red,Asian,O,High School,Employed
Male,111.4,170.1,1986,hazel,black,Hispanic,A,High School,Employed
Male,178.8,178.6,1976,hazel,red,Hispanic,AB,Master's Degree,Retired
Female,185.9,140.7,1980,hazel,red,Hispanic,A,Master's Degree,Student
Male,208.2,178.1,1920,hazel,brown,Caucasian,AB,Master's Degree,Employed
Polygender,223,135.3,1984,green,red,Caucasian,A,High School,Unemployed
Male,243.6,144.6,1979,brown,brown,Hispanic,O,High School,Unemployed
Male,247.9,125.5,1938,blue,black,African American,B,Bachelor's Degree,Student
Female,129.1,201.1,1989,brown,red,Caucasian,A,High School,Employed
Female,204.1,188.5,1950,blue,brown,Asian,B,Master's Degree,Unemployed
Female,116.3,145.5,1972,brown,black,Hispanic,B,Bachelor's Degree,Retired
Female,89.4,197.9,1922,hazel,black,Asian,O,PhD,Employed
Male,287.6,134.1,1950,brown,red,Asian,O,PhD,Retired
Male,212.4,139.6,1992,green,blonde,Asian,A,Bachelor's Degree,Retired
Male,68.2,121.8,1995,blue,brown,African American,B,Bachelor's Degree,Retired
Female,108.7,120.2,1987,brown,red,Caucasian,O,High School,Employed
Male,86.5,161.5,1959,blue,black,Hispanic,O,High School,Unemployed
Female,232,196.3,1997,brown,red,African American,AB,Bachelor's Degree,Student
Male,62.5,138.9,1950,green,red,Hispanic,AB,PhD,Employed
Female,152,195.3,1960,blue,black,African American,B,High School,Student
Female,227.8,149.3,1989,brown,brown,Caucasian,AB,High School,Unemployed
Male,115.2,181.7,1947,brown,red,African American,A,Bachelor's Degree,Employed
Male,218.6,170.2,2001,blue,red,Hispanic,B,PhD,Retired
Male,211.7,156.4,1921,hazel,red,Hispanic,AB,Master's Degree,Retired
Female,203.2,142.2,1936,hazel,red,Asian,O,PhD,Unemployed
Male,289.8,213.1,1977,hazel,black,African American,A,Master's Degree,Retired
Female,95.6,153.9,1944,hazel,brown,African American,O,High School,Retired
Male,198.1,143.4,1973,blue,brown,Caucasian,A,PhD,Employed
Male,295.3,153,1988,brown,black,African American,AB,Bachelor's Degree,Employed
Male,292.9,156.6,1928,green,blonde,Asian,B,PhD,Unemployed
Male,227.4,152,1981,brown,blonde,Hispanic,B,PhD,Unemployed
Male,168.5,142,1958,blue,brown,Hispanic,A,PhD,Employed
Female,105.5,149.9,1966,hazel,blonde,Hispanic,O,PhD,Employed
Male,291.5,182.2,1980,hazel,red,Asian,O,High School,Unemployed
Female,297.5,210,1972,hazel,red,African American,B,Bachelor's Degree,Unemployed
Male,199.1,197.4,1934,hazel,black,Asian,A,High School,Employed
Genderfluid,203.4,122.5,2004,blue,black,African American,A,PhD,Unemployed
Female,102.3,122.1,1991,blue,brown,African American,A,PhD,Student
Male,51.5,190.6,1967,green,blonde,African American,B,Bachelor's Degree,Student
Male,251.7,190.5,1937,hazel,brown,African American,B,Bachelor's Degree,Retired
Male,65,140.6,1937,blue,blonde,Hispanic,A,High School,Unemployed
Male,222.7,214.7,1969,green,red,Hispanic,AB,High School,Employed
Male,101.4,165.8,1929,green,blonde,Asian,AB,Master's Degree,Retired
Male,216.1,170.9,1943,green,brown,Caucasian,B,PhD,Retired
Female,64.8,203.3,1984,green,red,African American,AB,High School,Employed
Female,137.7,174.6,1975,brown,red,Hispanic,B,Master's Degree,Student
Female,71.5,204.3,1959,green,blonde,African American,B,Bachelor's Degree,Employed
Female,97.9,123.5,1945,brown,brown,African American,O,PhD,Unemployed
Male,287.8,133.1,1939,green,black,Caucasian,AB,High School,Unemployed
Male,266,122.6,1978,blue,blonde,African American,O,PhD,Employed
Female,210.9,169.1,1967,brown,brown,African American,A,PhD,Retired
Male,107.7,124.8,1967,green,blonde,Asian,AB,PhD,Student
Female,110.1,186.7,1992,hazel,blonde,African American,A,High School,Student
Male,261,157.9,2003,brown,brown,Caucasian,O,High School,Student
Male,231.9,196.7,1955,brown,blonde,African American,A,Master's Degree,Unemployed
Female,252.4,210.5,1938,green,red,Caucasian,O,Master's Degree,Employed
Female,130.1,159.6,1924,green,brown,Asian,O,High School,Retired
Female,89.7,179.5,2005,brown,black,Asian,O,PhD,Unemployed
Female,267.9,214.5,1998,blue,black,African American,B,PhD,Retired
Male,95.3,197.5,1961,brown,red,Asian,O,Bachelor's Degree,Student
Female,149.7,183.8,1970,blue,black,Asian,O,Master's Degree,Retired
Male,147.6,195.5,1976,blue,blonde,Caucasian,A,Master's Degree,Employed
Female,53.1,149.9,1996,brown,blonde,Hispanic,A,High School,Employed
Female,111,121.1,2005,blue,blonde,African American,A,Master's Degree,Employed
Male,81.6,200.2,1974,brown,brown,African American,O,PhD,Unemployed
Male,173.9,175.1,1968,hazel,brown,Caucasian,B,High School,Retired
Male,196.8,147.5,1938,hazel,black,Asian,A,Master's Degree,Retired
Male,183.4,193.5,1958,green,red,African American,O,High School,Unemployed
Male,71.4,147,1995,brown,blonde,Caucasian,A,Bachelor's Degree,Retired
Male,73.5,145.5,1946,green,brown,Hispanic,O,PhD,Unemployed
Male,85.1,122.3,1968,green,blonde,Asian,O,PhD,Retired
Male,145.2,209,1933,brown,blonde,African American,B,Master's Degree,Unemployed
Female,179.3,173.3,1977,blue,brown,Asian,A,Master's Degree,Unemployed
Male,104.7,122.8,1983,hazel,black,Hispanic,A,Bachelor's Degree,Employed
Male,120.9,163.1,1986,green,brown,Asian,B,Master's Degree,Unemployed
Female,147,191.6,1947,brown,blonde,Hispanic,O,High School,Unemployed
Female,194.4,126.8,1967,brown,brown,Caucasian,AB,Master's Degree,Employed
Male,239,176.7,1966,blue,red,African American,AB,Master's Degree,Employed
Male,233.4,192.6,1966,green,red,Hispanic,A,Bachelor's Degree,Employed
Male,205.1,203,1936,hazel,brown,Hispanic,AB,Master's Degree,Retired
Female,197.1,198,1990,brown,red,Caucasian,O,Bachelor's Degree,Employed
Agender,185.1,142.7,2003,hazel,black,Asian,O,High School,Retired
Male,213.7,173.7,1989,green,red,Asian,AB,High School,Unemployed
Male,165.1,170.3,1981,green,red,Hispanic,A,Master's Degree,Unemployed
Female,146.9,210,1992,blue,red,Asian,AB,Bachelor's Degree,Student
Female,291.2,142.1,1935,green,blonde,Caucasian,A,Bachelor's Degree,Unemployed
Female,185.4,211.1,1935,blue,brown,Asian,AB,Master's Degree,Retired
Female,201.2,171.6,1977,green,red,Asian,AB,Bachelor's Degree,Retired
Polygender,271.7,129.5,1946,hazel,brown,African American,B,Master's Degree,Retired
Female,265.6,167.3,1978,green,black,African American,A,PhD,Unemployed
Female,135.3,203.5,1973,green,blonde,Caucasian,O,High School,Unemployed
Female,203.2,164.7,1963,hazel,brown,Asian,AB,Master's Degree,Employed
Genderfluid,121.4,133.8,1998,blue,blonde,Hispanic,O,High School,Student
Male,211.8,213.8,1943,hazel,brown,Caucasian,A,Master's Degree,Student
Male,87,196,1961,brown,brown,Asian,O,High School,Unemployed
Polygender,135.8,132.1,1944,green,red,African American,AB,PhD,Employed
Male,145.9,174.7,1979,hazel,black,Caucasian,A,PhD,Retired
Male,219,137.7,1978,brown,black,Caucasian,O,Bachelor's Degree,Unemployed
Bigender,171.6,168.2,1994,green,red,African American,AB,Bachelor's Degree,Unemployed
Female,274.7,167.8,1997,hazel,black,Hispanic,O,High School,Retired
Female,244.6,186.4,1950,blue,black,African American,A,PhD,Unemployed
Female,237,186.6,1975,hazel,red,Hispanic,AB,Master's Degree,Employed
Male,240.2,197.7,1990,hazel,brown,Hispanic,A,Master's Degree,Employed
Female,114.5,121,1983,green,blonde,Asian,O,Bachelor's Degree,Unemployed
Male,119.9,137.6,1989,hazel,red,Hispanic,A,Bachelor's Degree,Unemployed
Male,109.5,189.1,1965,green,brown,Hispanic,O,High School,Retired
Male,257.8,152.5,1986,green,black,African American,B,PhD,Unemployed
Female,128.4,195.2,1976,hazel,brown,Asian,A,High School,Employed
Male,102.9,208.2,1940,blue,red,African American,O,Master's Degree,Unemployed
Female,229.3,192.4,1953,green,black,Asian,A,PhD,Student
Female,250.9,167.8,1975,brown,red,African American,AB,Master's Degree,Employed
Male,95,153.5,1971,blue,black,Caucasian,A,Bachelor's Degree,Retired
Male,257.8,127.9,1936,hazel,black,African American,O,PhD,Student
Genderqueer,201.8,178.5,2000,green,brown,Hispanic,A,Bachelor's Degree,Employed
Female,196.1,135.1,1995,hazel,black,African American,AB,PhD,Unemployed
Male,219.6,147.5,1964,brown,black,Hispanic,A,High School,Retired
Male,225.3,124.1,1968,blue,black,Hispanic,B,Master's Degree,Employed
Male,93,148.9,1998,blue,blonde,African American,A,Master's Degree,Unemployed
Female,158,190.3,1992,brown,black,Asian,A,PhD,Employed
Female,246.8,185.6,1929,blue,red,Asian,A,High School,Student
Agender,53.7,142,1927,brown,brown,Caucasian,B,High School,Student
Female,257.2,203.9,1958,blue,brown,Caucasian,A,High School,Retired
Male,146,158.2,2001,green,brown,Asian,O,Bachelor's Degree,Unemployed
Male,218.7,215.3,1929,hazel,brown,Asian,AB,High School,Student
Female,72.4,198.5,1923,green,black,Asian,A,PhD,Unemployed
Female,96.6,161.1,1942,blue,brown,Asian,A,High School,Student
Female,274.4,173,1963,green,red,Caucasian,AB,Bachelor's Degree,Retired
Agender,176.6,219.4,1993,blue,brown,Asian,O,Master's Degree,Retired
Male,188,189.9,1928,brown,black,African American,B,Master's Degree,Employed
Male,204.1,145.4,1970,blue,brown,Asian,O,PhD,Student
Female,269.5,158,1989,brown,red,Hispanic,O,Bachelor's Degree,Student
Female,199.7,202.7,1974,brown,black,Hispanic,O,High School,Unemployed
Female,289.2,181.6,1959,green,red,Hispanic,O,High School,Retired
Male,160.9,121,1922,blue,blonde,Caucasian,B,Bachelor's Degree,Unemployed
Male,200,208,1924,brown,brown,Hispanic,A,PhD,Student
Polygender,175.6,127.5,1962,brown,blonde,Caucasian,B,Master's Degree,Unemployed
Male,155.1,140.3,1974,blue,blonde,Caucasian,B,Bachelor's Degree,Student
Male,204.6,192.3,1977,hazel,blonde,African American,B,Master's Degree,Employed
Female,225.9,165.2,1982,hazel,brown,Hispanic,O,Master's Degree,Unemployed
Male,153,165.2,1981,hazel,black,Hispanic,O,Master's Degree,Retired
Male,139.3,142.3,1983,brown,red,Caucasian,B,PhD,Student
Female,137.5,185.5,1957,blue,brown,African American,A,Master's Degree,Retired
Male,57.8,151,1943,blue,blonde,Asian,B,PhD,Unemployed
Male,280.9,145.1,1999,green,black,Hispanic,AB,Master's Degree,Retired
Female,155.1,178.6,1934,brown,brown,Asian,AB,PhD,Employed
Male,134,154.4,1927,green,blonde,African American,B,Bachelor's Degree,Unemployed
Male,96.7,153,1935,hazel,red,African American,A,High School,Unemployed
Male,238.2,125.8,1945,hazel,brown,Caucasian,A,Master's Degree,Retired
Female,116.9,180.9,1997,green,brown,Caucasian,O,High School,Student
Male,228.8,126.3,1926,blue,red,Caucasian,A,Master's Degree,Employed
Male,186.1,125.2,1983,hazel,brown,Hispanic,A,Bachelor's Degree,Employed
Male,135.2,189.7,1988,brown,brown,Caucasian,B,High School,Unemployed
Female,152.4,208.2,1995,blue,red,Caucasian,O,High School,Employed
Female,247.3,167.5,1988,hazel,black,African American,A,Bachelor's Degree,Unemployed
Female,88.4,218.9,1953,brown,brown,Hispanic,O,PhD,Unemployed
Male,297.8,207.8,1925,blue,blonde,Hispanic,A,Master's Degree,Unemployed
Female,113.9,126.5,1981,blue,black,African American,B,Bachelor's Degree,Unemployed
Female,237.7,216.3,1956,brown,black,Caucasian,A,Master's Degree,Retired
Male,207.1,210.9,1994,green,red,African American,B,Bachelor's Degree,Student
Female,233.8,213.6,1968,hazel,red,Caucasian,B,High School,Student
Male,159.5,136.6,1998,green,brown,African American,O,PhD,Student
Male,141.3,135.8,1996,blue,blonde,Asian,B,High School,Employed
Female,225.1,145.3,1960,hazel,red,Asian,B,Master's Degree,Retired
Female,82.1,191.5,1961,blue,brown,African American,AB,PhD,Retired
Female,185.5,193.9,1969,green,brown,Asian,O,Bachelor's Degree,Employed
Male,55.3,162.6,1924,brown,black,Hispanic,A,Bachelor's Degree,Employed
Female,279.4,148.8,2003,green,black,Caucasian,B,Master's Degree,Employed
Male,162,179.9,1980,green,brown,Hispanic,A,Master's Degree,Employed
Male,73.9,212.2,2000,green,red,Asian,B,High School,Retired
Male,81.6,138.7,1987,blue,blonde,Asian,B,Master's Degree,Unemployed
Male,263.9,145.7,1931,green,red,Caucasian,A,Master's Degree,Retired
Male,207.3,208.4,1993,blue,brown,African American,B,PhD,Employed
Male,292.7,182.6,1954,hazel,red,Asian,A,High School,Unemployed
Female,84.5,139,1951,brown,black,Asian,B,Bachelor's Degree,Employed
Male,224.4,143.6,1973,brown,black,Asian,O,Master's Degree,Retired
Male,207,136.4,1988,blue,red,Caucasian,AB,High School,Unemployed
Male,89.8,167.1,1975,green,black,Caucasian,O,Bachelor's Degree,Unemployed
Female,180.7,120.4,1982,brown,black,Asian,O,Bachelor's Degree,Student
Female,202.7,154,1991,blue,brown,Asian,O,Master's Degree,Unemployed
Female,242.5,171.5,1996,hazel,brown,Asian,AB,High School,Unemployed
Female,273.5,154.1,1932,hazel,blonde,Caucasian,A,High School,Unemployed
Female,181.8,125.3,1967,hazel,black,African American,B,PhD,Employed
Female,148.8,169.6,1974,green,red,Asian,O,PhD,Unemployed
Female,115.2,180.8,1940,blue,red,Asian,AB,PhD,Employed
Female,151.3,152.2,1989,brown,blonde,Asian,B,High School,Employed
Male,212,155.3,1962,hazel,brown,Asian,A,High School,Retired
Male,286.2,140,1986,green,black,Hispanic,B,High School,Employed
Female,81,155.5,1955,green,black,African American,O,High School,Retired
Non-binary,273.8,163.6,1952,hazel,black,Caucasian,B,High School,Employed
Female,165.6,202.6,1946,hazel,blonde,African American,B,Bachelor's Degree,Unemployed
Female,96.3,214.3,1930,blue,black,Asian,AB,Bachelor's Degree,Student
Female,87.9,181.7,1921,hazel,brown,Caucasian,O,Bachelor's Degree,Retired
Male,95.7,175,1957,green,blonde,Asian,AB,High School,Student
Female,112.6,160.8,1980,green,black,Caucasian,AB,High School,Student
Male,258.2,185.6,2004,green,black,Hispanic,AB,High School,Unemployed
Male,72.8,187.9,1924,hazel,red,Caucasian,AB,Bachelor's Degree,Retired
Male,219,205.2,1954,brown,black,Asian,B,PhD,Student
Female,112,138.7,1990,brown,red,Asian,O,Master's Degree,Student
Polygender,294.8,166.3,1967,brown,red,Hispanic,AB,High School,Unemployed
Male,68.1,195.7,1948,hazel,red,Asian,O,High School,Unemployed
Female,162.3,186.1,1928,blue,blonde,Asian,B,PhD,Employed
Male,258.2,210.7,1933,green,black,African American,A,Master's Degree,Employed
Female,111.5,152.1,1983,hazel,black,Hispanic,AB,PhD,Unemployed
Male,299.2,132.1,1949,blue,black,Hispanic,AB,Master's Degree,Retired
Female,219.5,179.1,2003,green,brown,African American,AB,High School,Employed
Female,158.4,136.1,1961,blue,brown,Caucasian,B,Master's Degree,Employed
Agender,288.8,177.6,2001,hazel,brown,African American,A,Bachelor's Degree,Unemployed
Male,179.2,170.3,1933,brown,black,Caucasian,A,High School,Unemployed
Female,254.3,139.1,2003,hazel,blonde,Caucasian,B,Bachelor's Degree,Retired
Non-binary,135.6,185.4,1935,green,brown,Hispanic,A,High School,Unemployed
Male,270.1,158.5,1977,green,black,Caucasian,AB,Master's Degree,Unemployed
Genderfluid,250.8,160.5,2000,brown,brown,Caucasian,O,Bachelor's Degree,Unemployed
Female,64.1,192.5,1938,brown,red,Caucasian,A,Bachelor's Degree,Employed
Agender,73.9,134.1,1922,green,black,Asian,B,Master's Degree,Employed
Female,50.5,143.1,1960,blue,brown,Caucasian,B,High School,Student
Male,186.3,149.2,1977,green,brown,African American,B,High School,Student
Male,266.7,175.7,1954,brown,red,Caucasian,A,High School,Unemployed
Male,254,163.4,1951,blue,black,African American,AB,Master's Degree,Retired
Male,92.9,197.9,1933,green,brown,African American,AB,Bachelor's Degree,Employed
Male,244,158.1,1999,blue,black,Asian,AB,Bachelor's Degree,Employed
Female,73,121.2,1970,blue,red,Caucasian,AB,PhD,Unemployed
Male,173.3,157.3,1938,blue,brown,African American,AB,Master's Degree,Employed
Agender,184.6,172.2,1974,brown,red,Caucasian,A,Bachelor's Degree,Employed
Male,277.6,176.9,1956,hazel,blonde,African American,A,PhD,Employed
Female,107.9,139.1,1963,blue,black,Asian,A,High School,Retired
Male,228.8,184.4,1941,brown,red,Hispanic,B,Bachelor's Degree,Unemployed
Female,132.6,128.6,1981,brown,black,Hispanic,O,Bachelor's Degree,Student
Female,107.2,198.7,1941,green,blonde,Asian,A,High School,Retired
Male,217.1,163.1,1992,green,black,Caucasian,AB,PhD,Employed
Female,250.1,141,1940,brown,red,Caucasian,AB,Master's Degree,Retired
Female,201.2,191.5,1947,hazel,red,Caucasian,A,High School,Unemployed
Female,230.2,188,1982,green,black,African American,A,PhD,Retired
Genderfluid,287.3,157.1,1932,hazel,brown,Asian,A,PhD,Student
Male,69.7,190.3,1930,brown,blonde,Caucasian,B,Bachelor's Degree,Retired
Agender,217.7,126.7,1997,green,brown,Caucasian,O,Bachelor's Degree,Unemployed
Female,231.9,194.7,1946,brown,black,Caucasian,AB,High School,Unemployed
Bigender,219.9,128.3,1950,blue,black,Caucasian,O,High School,Unemployed
Male,170.4,130.7,1933,green,red,African American,O,Master's Degree,Employed
Female,88.9,146.2,1966,green,brown,Caucasian,B,Master's Degree,Unemployed
Female,185.8,147.6,1946,green,black,Caucasian,AB,Bachelor's Degree,Student
Male,145.8,132.5,1988,brown,blonde,Caucasian,AB,Master's Degree,Retired
Male,252.3,215.9,1932,blue,brown,Caucasian,O,Master's Degree,Student
Male,121.7,219.8,1993,brown,blonde,Asian,AB,Bachelor's Degree,Student
Female,93.4,216,1967,brown,blonde,Hispanic,AB,Bachelor's Degree,Unemployed
Male,204.6,182,1924,green,black,African American,AB,High School,Unemployed
Female,159.4,193.9,1922,green,brown,African American,O,PhD,Student
Male,246.9,216.1,1925,brown,brown,African American,A,PhD,Student
Male,191.3,161.2,1993,green,brown,African American,A,PhD,Retired
Female,162.1,214.4,2000,blue,blonde,African American,AB,Bachelor's Degree,Student
Female,220.8,181.6,1936,blue,brown,Asian,AB,High School,Retired
Female,198.5,213.9,1930,green,brown,Caucasian,AB,Master's Degree,Student
Male,267.8,195.9,1948,blue,brown,African American,O,Bachelor's Degree,Student
Female,122.5,134.3,1953,hazel,red,Caucasian,AB,Bachelor's Degree,Unemployed
Female,134.8,188,1937,green,blonde,Asian,A,Master's Degree,Employed
Female,252.3,205.4,1984,brown,brown,Asian,A,Bachelor's Degree,Retired
Female,248.9,199,1923,green,brown,Asian,O,High School,Retired
Female,51.1,150.7,1955,green,red,African American,O,PhD,Student
Polygender,214.8,154.8,2002,blue,brown,Caucasian,O,Bachelor's Degree,Employed
Female,127.4,218.1,1949,green,black,Asian,O,PhD,Unemployed
Female,123.5,178.4,1970,blue,red,Hispanic,B,Bachelor's Degree,Employed
Male,54.7,130,1935,green,black,Asian,B,Master's Degree,Employed
Male,100.2,155.3,1943,brown,black,Caucasian,B,Master's Degree,Unemployed
Female,52.1,200,1964,blue,black,Asian,AB,Bachelor's Degree,Retired
Male,234.3,213.8,1963,blue,blonde,Asian,AB,PhD,Employed
Female,228.5,141.5,1935,blue,brown,African American,AB,PhD,Unemployed
Female,172.6,149.4,1989,brown,red,Caucasian,A,Master's Degree,Retired
Genderfluid,136.9,128.1,1951,green,brown,Asian,O,Master's Degree,Student
Female,271,157.4,1923,blue,brown,African American,AB,Master's Degree,Retired
Female,56.3,120.4,2002,green,red,Asian,A,PhD,Retired
Female,202.2,149,1997,hazel,blonde,Caucasian,B,High School,Student
Male,106.5,193.9,1973,blue,red,African American,B,PhD,Employed
Genderfluid,165.7,213.1,1938,brown,black,Caucasian,A,Master's Degree,Employed
Male,61.2,136.4,1946,hazel,red,African American,O,Bachelor's Degree,Unemployed
Male,235.9,166.1,1979,blue,brown,African American,B,Master's Degree,Student
Female,272.4,195.9,1977,blue,red,Asian,A,Bachelor's Degree,Student
Female,153.3,138,1937,green,brown,Asian,A,Bachelor's Degree,Retired
Male,210.7,124.4,1989,blue,blonde,Asian,A,High School,Unemployed
Male,251.7,184.7,1993,brown,red,Hispanic,B,PhD,Student
Male,276.2,213.7,1992,green,red,Caucasian,B,Master's Degree,Unemployed
Female,158.7,157.4,1992,green,blonde,Caucasian,B,Bachelor's Degree,Employed
Female,296.7,218.1,1944,green,brown,Asian,B,Bachelor's Degree,Student
Female,191.8,178.8,1946,green,blonde,Asian,O,Master's Degree,Retired
Male,61.9,132.1,1962,hazel,black,Asian,B,High School,Retired
Female,56,212.4,1955,hazel,blonde,Hispanic,B,PhD,Student
Male,52.6,148.5,1959,blue,red,African American,B,Master's Degree,Employed
Male,178.5,140.1,1923,brown,red,African American,O,PhD,Retired
Agender,69.3,122.4,1938,brown,brown,African American,A,PhD,Unemployed
Male,225.1,216.2,1932,blue,black,Asian,A,Bachelor's Degree,Student
Male,207.3,123.1,1962,brown,blonde,Asian,AB,High School,Employed
Female,131.6,155.9,1991,green,brown,Hispanic,A,Bachelor's Degree,Unemployed
